-3.510683273831816109e+00,6.181816452048549682e-02
-1.493594484636314057e+00,-1.126852986369533127e+00
-1.223212212336072913e+00,-9.977392478518084529e-01
3.364502754265921158e-01,-1.409712288224746590e+00
4.327825260565798526e-01,-1.106568098025334734e+00
7.567279493678245039e-01,-1.418693706456755965e+00
-1.189597762030449424e+00,2.002428902700633451e+00
6.722209908119671784e-01,-8.285530187796250612e-01
6.893716950126494991e-01,-7.344721704834118459e-01
1.196995639916602183e+00,-1.356797192759280346e+00
-5.017821712669356948e-01,1.567599026417041408e+00
7.071719863905108205e-01,1.589602405229650017e+00
-1.636465469542063289e+00,-2.755673072795512546e-01
-9.581656215917105923e-01,-6.783734590625001282e-02
-1.087016743886664472e+00,2.264912595853807886e+00
-1.224947081666909465e-01,1.202611293923192770e+00
-1.692539464723643583e+00,-8.235495065377075319e-01
-2.048427816280710134e-01,-1.464786659044307049e+00
3.017516347724124026e-01,1.340751625453314055e+00
6.830351233288904922e-01,1.415424662098855313e+00
-7.644812534416485228e-01,1.412339678388844888e+00
-1.058894577547185190e+00,3.122902559624510799e-01
1.305694626933785685e+00,-2.204554844908884537e+00
1.400079695072982355e+00,-1.902998739269913919e+00
-7.431901015782085285e-01,-1.711706638297644023e+00
2.951773236896342301e-01,-8.372905128668066688e-01
1.270821570614023566e+00,1.299831779500381757e+00
-1.481305250132960438e+00,1.705374467463462995e+00
-4.264293482700343141e-02,-1.297969192276017036e+00
9.761326861887031914e-01,-5.750361566099463362e-01
2.734369955634448068e-01,1.600224303907713530e-01
-2.153781377374143435e+00,-2.616322658675622748e+00
-4.729424637458767844e-02,9.082243350528108605e-01
1.482490753742475853e+00,-1.074324664425953868e+00
2.731551086926247152e-01,7.908035622346858418e-01
-1.771462951828967736e+00,8.474263012761762415e-01
-1.113262942276258105e+00,2.011121376535837335e+00
8.244360572322844138e-01,-1.136370822717127638e+00
7.069977796002655523e-01,1.604627818828601615e+00
6.957032443387534126e-02,1.107162907417001740e+00
1.672650037594853645e+00,4.276414128500503065e-01
1.138565764291142646e+00,-2.345476371918800984e-01
7.875357430629836841e-01,4.687954350326148933e-01
-1.019687082831543412e+00,-1.284129159514190599e+00
-6.866492437018520967e-01,-1.141019388155004144e+00
6.381941482327424531e-01,2.215048270221388282e+00
-1.447487237191704024e+00,1.611531673594073677e+00
7.406870519823631760e-01,1.835340172691988680e+00
-1.159471008532634073e+00,7.384969311130762382e-01
-1.873970015418499502e+00,1.101855567883876841e+00
1.190088503448754498e+00,-1.938748447342380832e+00
-1.533102441207859989e+00,-6.799430900860463645e-01
1.230047972338889517e+00,-1.429468798673621643e+00
1.577329505888868777e+00,-1.838756509639183356e+00
3.147037586126277819e+00,-5.779158774760224659e-01
-2.103599567042115481e+00,-8.053192675215600227e-01
9.013949630161590676e-01,-1.201476511190620489e+00
-2.513052503668975479e-01,1.769511655645803039e+00
3.828394056412043334e-01,-1.026929977827036211e+00
-9.394175894548795203e-02,1.777768357040996339e-01
-2.260967587162869386e+00,1.222982619618965927e+00
-1.940650338446011647e-01,-1.905287464295557953e+00
-1.095091875711353246e+00,7.430751560778784404e-01
-1.764232888408427069e+00,-7.499173856537569849e-01
-1.017417750763726536e+00,6.824852700114377724e-01
1.245623423366019278e+00,-2.034963806069987058e+00
3.881611032959858543e-01,-4.565812586315142196e-01
9.086945737732105011e-01,-1.271508488790027869e+00
-2.557208733126957512e+00,-1.109576682369806555e+00
-5.687808157304439227e-01,-1.766004763343229866e+00
-1.567789041784915627e+00,-4.009508074010705858e-01
2.910034510249301043e+00,1.295980608929496736e-01
1.286708736477664372e+00,-2.112917676636526298e+00
-4.554283293288777790e-01,2.176883486674759283e+00
4.810162598015494950e-01,1.583994232681745551e+00
-1.171924011662930365e+00,1.239301727613766335e+00
-8.103744418053235865e-01,1.224102059017120103e+00
6.600494971947024059e-01,-6.619966917296493669e-02
-1.212437164825216129e+00,-9.661820701014395274e-01
7.512717498244001479e-01,-5.787409810960425505e-01
-2.476669936368276481e-01,-9.305017360685995387e-01
5.320642992572950369e-01,-3.873387087807343976e-01
9.600264349484711746e-01,-6.333879752601678792e-01
1.147888413750082215e+00,-8.694021848495774307e-01
-1.632185275912803935e+00,1.923804140334003820e+00
-1.126704498045247860e+00,8.992587211276649173e-01
1.152050764971398911e+00,1.399213005056120895e+00
5.105605886141241223e-01,9.997849236645728332e-02
-5.915895516420435207e-01,1.449565944068791357e+00
-4.456000497221997980e-01,-1.112810024466223791e+00
8.873602772183749599e-01,-1.085961517419750777e+00
7.779831734568417589e-01,-4.819948808362879422e-01
-1.393878913069292569e+00,-6.769404358159304413e-01
7.362925951021523918e-01,-1.378460941947550200e-01
-6.376091483147106054e-02,1.215287648293225331e+00
-2.904845100749663400e-01,1.393838273467133515e+00
-2.545687023349569422e+00,-7.883169332473988211e-01
-6.968230214875987816e-01,-5.703522915222924983e-01
-2.842667363787103607e-01,1.310817545738665268e+00
-3.950935302794804649e-01,1.903023358652010888e+00
1.444866120694574096e+00,-1.384254820852958812e+00
-2.964302953922386408e-01,8.908099340285814405e-01
1.349124828740807081e+00,-1.388570814054987057e+00
-1.686422187223600933e+00,2.453431885381641697e-01
-1.169134551865874450e+00,2.042351915100070414e+00
-9.766821649317064535e-01,-3.176320637832426019e-01
-2.605467020324691685e+00,-6.469132218859785510e-02
-4.650457545516577529e-01,-7.238842519126462705e-01
-1.244139125372267785e-01,1.127000397520399932e+00
7.208585851188484828e-01,-3.140531470243214107e-01
-3.923014032403322915e+00,5.928151791319358210e-02
5.588194295995605465e-01,1.522025333275323744e+00
-2.338470388768685293e+00,-5.779333535910691211e-01
1.288773307931875056e+00,1.574293569967454953e+00
5.638192178878768113e-01,-5.405162184998579811e-01
-2.422652876833739199e+00,1.787783287191736736e+00
5.857781661710785848e-01,9.579729033413229011e-01
1.359673359692626038e+00,-3.735061700086435010e-01
9.629314561555910590e-01,-1.134769137343331513e+00
-3.862327842709923909e-01,-1.221318836400046237e+00
8.843897539018562570e-01,-1.106582093423799096e+00
-6.192897174243532366e-01,2.044548761886317845e+00
-1.647412387087570096e-01,1.983954397354307009e+00
8.174712256316739589e-01,-1.426950452158265215e+00
6.283275996289627852e-01,2.567515457144391444e-01
-1.301532282515799333e+00,4.445903846106830093e-01
3.428066495827909232e+00,-7.010148953939625560e-01
1.188520323147673086e+00,-1.932241184301410897e+00
5.802869105638240876e-01,-1.156147304458635006e+00
-1.237298210691947009e+00,1.635185998877523028e-01
-2.917252066787475506e+00,8.739207219506842650e-01
7.094412709553857832e-01,-2.842505564007484775e-01
1.758197826272171582e+00,4.718721888002506137e-01
-5.317395174893230214e-01,-1.838183712336261211e+00
-4.288159367084214413e-01,-8.237993355762579517e-01
8.232942015617163989e-01,-6.304809917759219839e-01
1.228703917724407457e+00,-1.015377604728271654e+00
3.535574859258964864e+00,7.978363909819596866e-02
-2.360400648223472508e+00,-1.764201362428494679e+00
1.096731070671102426e+00,1.374736031968167627e+00
2.104675859195370258e+00,-2.335387070490031913e+00
-1.992698726919650554e-02,1.469739597774678996e+00
-1.472491025358043659e-01,1.950580967367763874e+00
1.639703735155279229e+00,-8.909067480397598882e-01
-3.557007624574781701e-01,1.069241562463108197e+00
-8.099818663778752814e-01,1.781510495879278233e-01
-1.385653442018840442e+00,-5.705430237325886944e-01
2.188730683386791664e+00,4.625380079464974648e-01
1.089105197614791631e+00,-6.395197223973549949e-01
-3.088690622951159259e+00,-1.377069108900620620e+00
1.342472245308240275e+00,8.371821708870275103e-01
4.713032794785290136e-01,4.067613920288071228e-02
5.324159930838903154e-01,9.810945101936017210e-01
-1.022127219464842085e+00,1.793608368151556665e+00
1.362405577228444686e+00,-1.609511106532838465e+00
1.959414269019962296e-01,1.667537161769338194e+00
4.654268487813713051e-01,5.602397395663247792e-01
7.158648119094990214e-02,-1.260771748567297124e+00
3.174442333609394096e-01,1.190495162873872692e+00
-1.850969728454133545e+00,1.019609429021276492e+00
8.148746598088809634e-01,-2.339888864952790470e-01
-7.166495842073361544e-02,1.553929958123668520e+00
-9.153589715005927552e-02,1.989140035173971199e+00
5.695817690213149653e-01,4.843174532908389729e-01
1.275668481706008661e+00,-2.386984011307931475e+00
-6.417602129598904970e-01,5.819625125626027851e-01
-1.006602888625906855e+00,1.812976218563189690e+00
1.432401716753227694e-01,1.626957634218343385e+00
-1.797021396588854847e+00,1.995259224497140105e-01
-7.106635487969628073e-01,2.083339301376212482e+00
5.643222618075633967e-01,-1.317534777558184711e+00
3.580238603686296983e+00,-1.342532544873738409e+00
1.196149728784286381e+00,-9.694677182251237868e-01
-1.792921940714415685e+00,6.166467711400500651e-01
1.012187158932382092e+00,-1.186917255915736380e+00
2.073066088821052588e+00,7.775775338949524329e-01
1.010643214797776634e+00,-6.506923325192585095e-01
1.208451916775798995e+00,-1.703950176298839159e+00
1.233979536843686997e+00,5.364669177887374518e-01
4.593408258682045719e-01,6.188938272701496324e-01
1.128779153048645068e+00,-1.411131833430518956e+00
8.350038402056827458e-01,3.677314076364253115e-01
-3.304991573405859029e+00,-6.578226888378441162e-01
8.612459104262625287e-01,-1.205851983178717335e+00
8.778364182573665797e-01,-9.277278484071063147e-01
7.295792145597006506e-01,-5.281880802568466038e-01
1.689895858744515200e+00,-1.801134834430961451e+00
4.457739815138465067e-01,1.150555880940456133e+00
3.853368169787649844e-01,-3.026637432002825534e-01
1.573476237554606305e+00,-6.910665322224491813e-01
6.792948650169977620e-01,9.947883619697006630e-02
-6.929306279234355159e-01,-1.571645642460557157e+00
1.819364032280660348e+00,3.878664121490524863e-01
-5.999581476042812334e-01,2.565630302918258998e+00
1.757704452094924319e+00,1.126786969842792363e-01
-3.205563709042814624e-01,1.550804152533000746e+00
1.483415666306417080e+00,5.495673139053641743e-01
6.017478555887924019e-01,1.193693927651764852e+00
-1.907206300196726323e+00,1.613136057146747682e+00
-8.423001384654592583e-01,-9.877961828278706280e-01
-1.137091892545319949e+00,7.586769923257119519e-01
-2.464698478132757664e+00,-3.168957537513374945e-01
-5.028993662704415168e-01,1.159814248804288850e+00
4.148489073759409340e-02,-2.065391440984952753e-01
-1.617529891173994816e+00,-1.861859557824484979e+00
1.542694053658829612e+00,-1.666401043850416208e+00
-2.591617516146063949e+00,2.091339497709794326e-01
1.158917451823700207e+00,7.257307200394764735e-01
-8.762398156828947737e-01,2.206242761592005941e+00
-3.689081337320971876e-01,1.330425570610255015e+00
-2.425481680076506663e+00,1.403604925352441413e+00
1.704664778171915529e+00,-1.536668754131871761e+00
-4.228883512033743131e-01,-1.009286143679704706e+00
-1.209274902586356948e+00,1.962659683309572856e+00
1.002376113932844870e+00,1.050574306705380101e+00
2.076090901294495694e+00,-1.868015558194986436e-01
-1.372107525236308412e+00,1.871403986543934472e+00
1.968455561929672193e+00,-4.415826600255281509e-01
6.651811904087134852e-01,-7.810192279402488058e-01
2.864296739794758295e+00,-1.871602204785030032e-01
1.114893885100071813e+00,-1.867934880888464821e+00
-1.109046375928749217e+00,-1.687061262798919659e+00
-2.017968697228618602e+00,1.640335870698451659e+00
2.061249351805146013e+00,6.676439771695654724e-01
-4.343651251793685386e-01,-4.835123736165061192e-01
-1.737963377454896374e+00,-7.126530618204514056e-01
1.689269915454616022e+00,1.007954533158583965e+00
-3.579426290157807777e-01,1.436902395456941761e+00
-3.087789638964041572e+00,-5.630941272543428244e-01
-1.883078781564092363e+00,1.171697530872281456e+00
2.546361126114788931e-01,-1.799567814042474900e+00
6.631426095127990195e-02,-1.255081890198349814e+00
-1.736794651644595788e+00,1.806618618909286988e-01
-6.267653163653756909e-01,-1.198774419352133913e+00
1.008531708355981715e+00,-8.054518257173877149e-01
3.450037672042828518e+00,-4.726520052825895490e-01
-3.271306576364557461e+00,-1.139439042752792730e+00
1.227203766909338301e+00,-4.810453364103164375e-01
-1.104304911740108919e+00,-1.264599843232424803e+00
-4.631206430731031887e-01,6.600884715698103200e-01
2.007084422063304174e+00,1.507486787004754802e-01
8.266265087054658345e-01,-9.831127923412370517e-01
-1.711364256162348996e+00,-1.575725972444897982e+00
-1.386348768995298020e+00,4.990972357949408078e-02
1.908287215355752409e+00,1.040408834405730287e+00
-9.230095228928397733e-01,1.309617341729299556e+00
-6.499565545497824059e-01,1.304581356586740348e+00
5.849833923541009062e-01,-1.860268136859054788e+00
-1.667630628088317302e+00,1.690368323771807013e+00
1.173505689121764339e+00,-1.582258707689669031e+00
1.489381353710867995e+00,1.072717575085044395e+00
-5.841261253791907304e-02,1.920821723434565698e+00
-1.983670209083928881e+00,3.976813426596721435e-01
-1.491233425796854917e+00,-6.607043576943960606e-01
-1.972068702447323574e+00,-2.214374911124816769e-02
1.812974935168476520e-01,-4.078829379454756987e-01
1.424620803465952434e-01,-2.926775535814643892e+00
2.658012020494852079e-01,4.453583923801396338e-01
7.196900598819506722e-01,3.633453905448822407e-01
3.254525801424873466e-01,7.906859608097718262e-01
-6.334417581113025442e-01,1.888878765757745937e+00
-3.155841264215671904e-01,-1.683827296794666584e-01
2.911796040218523896e-01,1.712259979504892504e+00
3.662688660376455241e-01,1.197294745830058682e+00
1.417178189453669912e+00,-7.000901840754683025e-01
7.163221095894940493e-01,1.180983969509469933e+00
3.974696967909522316e-01,-7.195508453510919278e-01
7.742331416288892321e-01,-6.655817408662692003e-01
-1.138059144032337322e+00,-1.801785806008947777e+00
2.010215857981358489e+00,6.656361157518890792e-01
-4.086780784839003644e-01,2.516969725170167482e+00
-2.464965658988514718e+00,-6.664061585668399346e-01
4.399165283366668344e-01,2.976209625909675971e-02
-1.026192977572293996e+00,8.168538403041343265e-01
-3.100508345651935560e+00,-1.760668743312954643e+00
-2.152917955345638568e+00,-1.389969155388766087e+00
-3.086386352651930398e+00,-1.276962957741111238e-01
-3.481159291708064707e-01,-6.953446009535141359e-01
7.459633698623016063e-01,-7.882775863099370506e-01
-8.586793900744005281e-01,1.312687749863692854e+00
1.201982532697144501e+00,6.680342386044677561e-01
5.739686941940691511e-02,1.305925179573647732e+00
-1.536878852686299757e-01,1.187794362602661247e+00
-4.103049830721536839e-01,1.943411212034173996e-01
3.928269450419701325e-01,-1.468372509027640049e+00
1.090958077958293249e+00,2.458682975708879059e-01
7.378445295852216201e-01,9.328519995198973902e-01
1.313989833191866907e+00,-1.492745846821441180e+00
1.022062316262730253e+00,1.391419449842840717e+00
1.254679690154747229e+00,-1.368489245406158128e+00
-2.252769684080324630e-01,2.072393203454088173e+00
8.051609168590747601e-01,-4.513597129095089366e-01
2.362815390773027602e+00,-4.738372838383797525e-01
7.581548253348830979e-01,1.472514638423750188e+00
-1.275885023817231678e+00,1.336330410500974120e+00
7.837391208105082274e-01,-3.165375838272592723e-01
-1.936239247246347661e+00,-5.042004716415342536e-01
2.266004765227580542e-01,1.331903018952772522e+00
1.109643664989776735e+00,-7.610648550458065653e-02
-8.491249781794869556e-01,1.102975955458616708e+00
-1.024459591164209815e+00,-1.025355070316744888e+00
5.369314396322915073e-01,-1.623863201976547099e+00
-1.963873039115694663e+00,4.393271468348481923e-01
7.030234011539120420e-01,-1.550027768970203557e-01
1.591674470077318215e+00,-1.256288116353263096e+00
-1.354437915917988455e+00,-1.021559627615150401e+00
-1.822050347229083211e+00,-2.086966166277940182e+00
-5.664466491880999488e-01,1.148592451149332616e+00
4.019820570903123169e-01,-5.581978072155262538e-01
1.042881541434865111e+00,-1.630372238193728895e+00
1.633105190592794465e+00,-2.152312077249005640e-01
-1.532434015241269432e+00,2.296485272697777802e+00
2.511696523975755824e+00,2.138019229134041632e-01
3.597861678853131462e-01,4.766021273723488605e-01
-1.287700022474142170e+00,1.342274084407004242e+00
1.181716610209281315e-01,1.026768314894668910e+00
-1.261056478851912299e+00,-9.599112146784366528e-01
1.579646652445922506e+00,7.751151264890723258e-01
-7.067277025164515614e-01,5.955957772677180628e-01
6.352126089998091363e-01,2.717745929926345116e-01
5.600191961511589156e-01,-8.756468874528451352e-01
-1.371780657506860068e+00,-2.267969425426811014e+00
-2.186939253293056495e-01,1.758899419534186048e+00
1.250199109178093959e+00,-1.800766628788283086e+00
-2.184461654571313804e+00,-1.777535743634627075e+00
2.977294055835514319e-01,-7.523505101014079655e-01
6.253536095176182030e-02,9.223659356221149963e-01
-8.805066346420380441e-01,-1.463302130126609146e+00
-9.984838220653198260e-01,-5.580679729880563267e-01
-1.834922122831404767e+00,-1.805550149774828528e+00
1.357740562422594444e+00,-1.173646707256255528e+00
-1.442687904511571251e+00,1.574423602782702769e+00
1.228506370950549487e+00,-1.281297637394306355e+00
-1.194799665715171821e+00,-7.925720368291531148e-01
-1.714356849063028765e+00,-1.583480676005189824e+00
-7.040678181500006350e-01,5.053707929263516752e-01
-1.969242363674548413e+00,-3.110046379266451222e-01
-1.209952647080086319e+00,-5.837936999506763147e-01
-1.315369962249313129e+00,1.039621584283412448e+00
2.293067282685535835e-01,-3.622333225371429100e-01
-1.492409267065293088e+00,-9.732417608185930380e-01
1.415700273501184103e+00,7.942417422526584225e-01
1.505217143193546381e+00,-1.648166473766621287e+00
-2.410944909958519400e+00,9.634539013085982040e-01
-8.818825660562626956e-01,-5.437749783856778985e-01
-2.712283195797773327e-01,1.300107441264298558e+00
1.760334410193551857e+00,7.753500986867718492e-01
-1.683761054484096409e+00,-1.452178035427292846e+00
-1.644380171200490182e+00,2.242216157701048651e+00
1.113495174972721324e+00,-1.299467611358802621e+00
7.799513444850446620e-01,-1.091340558235034397e-01
-3.278921162909625986e-01,-1.793145381543151506e+00
-1.241271562912794169e+00,2.924488112538262463e+00
-2.295239460689700861e-01,2.091869916552496989e+00
-2.099709346117807574e+00,1.437612106974797133e+00
-8.229802502756604632e-01,1.516404762573339227e+00
1.141246563965536254e+00,-2.559421001958586572e+00
4.697778886214463157e-01,-9.337058848816583989e-01
-1.216687229968109740e+00,-1.886941626851379894e+00
8.733211493984502916e-01,1.036272730762889172e+00
-1.699986641221217898e+00,-2.080551941210686095e+00
1.343415038809445683e+00,-5.457040316520451739e-01
4.574537625371895011e-01,9.643435910326305649e-01
1.544226265020272049e+00,7.601229935258059234e-01
-1.689898947591452094e+00,-1.956428406167725953e+00
-1.871449416065642080e+00,-1.099800043813076167e+00
-1.343792191301345529e+00,-5.855238206118733579e-01
-1.599176338592578128e+00,5.614411166673513032e-01
-4.258565188283580660e-02,-5.595783667461482480e-01
-8.568623873628609111e-01,-1.998079155313492006e+00
-1.383691300956090942e+00,-2.036860927840622004e+00
1.773153256570210168e+00,-1.786151662248115723e+00
-1.431177088786944385e+00,2.832804909058461718e+00
-2.874013926588862233e+00,-1.293712816453384651e+00
5.000740975892874474e-01,-6.692329038161933807e-01
1.661053983116352661e+00,-1.313759999750124807e+00
-2.244622566955038145e+00,-1.085230492270122360e+00
4.950467487578751324e-01,1.405656899285861350e+00
1.993166381473419513e+00,5.208793376801066355e-01
-1.134744857497141490e+00,1.660870556112800767e+00
-6.649849352635808231e-01,-5.397792598465636082e-01
-1.197196203039605944e+00,-7.585333334010641027e-01
-6.392180722852414121e-01,1.469908677856615942e+00
-2.041034999627729274e+00,-9.832796636777544341e-01
-2.279950489676008107e-01,1.002537199241146482e+00
7.229932699372663141e-01,-6.561495499442057122e-01
-2.691119378495653303e-01,6.805174167939997965e-01
-3.353886696130908840e-01,-1.490432744387082620e+00
6.324085335264597596e-01,7.061000831275265899e-01
1.781769524676271033e+00,-1.771627102246009944e+00
2.033474136276252509e+00,9.235838461038639036e-01
-2.417968310105531593e-01,2.358027257184891479e+00
-9.590884587632086955e-01,-9.799953087804215146e-01
2.979674193300064111e+00,4.531152989958662225e-01
1.159459063346589991e+00,-1.622456450855767951e+00
3.880127440974586506e+00,-7.165742233899672353e-01
1.942851937822358543e-01,1.494757007241889646e+00
-1.115801157952201361e+00,1.029224256270614424e+00
9.655298408277689370e-01,-1.731009742855179168e+00
-2.905785786201519727e+00,-4.273516772428566091e-01
5.000503923701905551e-01,1.090055939007683605e-03
1.764316319374129804e+00,-8.907527074128934741e-01
-6.993382413926838570e-01,1.275317085654149363e+00
2.037051664472101287e+00,7.749063670526038505e-01
-9.834790931292670679e-01,1.677841376170855714e+00
-6.867563197689517951e-01,1.171862024547270620e+00
5.100644860084835308e-01,6.638756354038435337e-01
-2.543376841682694067e-01,6.167799511927598566e-01
-1.897207550065704851e+00,-1.617666627031486115e+00
-3.880007373074839672e-01,3.923445873598886413e-01
6.873657568068516355e-01,-4.415135755002063123e-01
-1.912658354460947230e+00,1.525622763912081403e+00
1.571545701682351748e+00,4.075062885695568404e-01
-1.009278083395188430e+00,-1.082257026932336164e+00
-1.008045782206268060e+00,1.896377674631236188e+00
1.813452492087279655e+00,4.040690459083543518e-01
3.280612614389575299e-01,4.338035453266489982e-01
1.399795001043032672e+00,-1.047074896116487741e+00
-1.058848793893414797e+00,4.199043329061964425e-01
-1.438052221501053829e+00,-1.876436386013078383e-01
1.896493416046184599e+00,-1.594015808275665469e+00
-7.535953323499049450e-01,7.366005094866642233e-01
-1.558053092648288951e+00,-2.540370791907119674e+00
9.788143187665027112e-01,-3.885390960454760956e-01
-1.158085213448085682e+00,1.064041561486899434e+00
-2.140312204053990364e+00,8.764776248066032949e-01
-1.678360251946485082e+00,1.975166578859248956e+00
3.323284981440186581e-01,1.306822812583937843e+00
9.969407480469529848e-01,-1.130151338880421408e+00
8.256959456397923169e-01,-1.270745474184152624e+00
1.948278053655746689e+00,2.201853448502897326e-01
2.556975241960395273e+00,-1.841075114995636142e-01
-1.075033988470661894e+00,-7.097399426290351698e-02
-9.466218616067372249e-01,6.740029101992626170e-01
3.588425737362112677e+00,-2.395382193881885335e-01
-2.150434432417261732e+00,2.102134688938090967e+00
-5.901932907231746128e-01,-9.498657748389833788e-01
9.736642949714924278e-02,1.263500785809934079e+00
1.393411333507218242e+00,-1.228603515374238508e+00
-1.327716627014326356e+00,2.229738534636404257e+00
2.463091431481891469e+00,1.947521370002270880e-01
1.751304408207600583e+00,1.039040897403679331e+00
5.069251308304734138e-01,1.258397806063084712e+00
-1.169061057900262046e+00,8.509081922219675631e-01
-1.569248363495570064e-01,-2.879902250253704166e-01
1.625426752180139545e+00,8.556972519993801818e-01
9.755065499387056693e-01,1.667131043797565937e+00
1.143723543846623780e+00,-1.328345349409256304e+00
-1.516527468986748284e+00,-8.451657726317869379e-01
9.337072143978173422e-01,-1.058317935332581783e+00
-2.729537214754247820e+00,4.062230459543936245e-02
-9.418673423278407508e-01,2.490582429398242148e+00
-6.560017870919607752e-01,1.164918186213419693e+00
5.262205097808514420e-02,1.110352939681618523e+00
1.103790860811721952e+00,4.874383583072006143e-01
-1.444884785421987061e-01,-4.957187226780186418e-01
-1.572160742347448181e-01,1.512826017307438153e+00
1.549344013175468771e-01,-1.053614734395889707e+00
-3.047905100798591338e+00,-4.173829022007231604e-01
-4.601508261555848911e-01,-4.617436796150228284e-01
-1.145604180934153060e+00,1.418049194279385583e+00
3.226000908749287799e+00,4.311303189553469251e-01
-2.172593014179803994e+00,-2.213629771767279486e+00
-1.192019171873968331e+00,4.098490263473597572e-02
-1.313651409445301343e+00,-4.934671683505607032e-01
-2.758505576488329503e+00,-5.981190897433796838e-02
-1.593274672148039528e+00,2.866388235292918640e+00
1.178108902662200697e+00,-7.887106883329015883e-01
-1.241243217665603416e+00,-1.409157571049430624e+00
-1.082944032528769807e+00,-5.162361126353328666e-01
-2.124679432633303389e+00,2.471593554211989563e+00
1.600204689276651937e-01,-1.228142270969011740e+00
-1.744209979106141839e+00,1.445922356287943300e+00
4.149839390632503733e-01,1.497247578376713850e+00
-1.729981819568132018e+00,1.031854675136517629e+00
2.034878900938275059e-01,-4.819605092417033054e-01
2.682951017134892480e-01,-9.049300591916764613e-02
-1.508728311466309258e+00,6.702480052406155631e-01
-1.095283335255411439e+00,9.398200114728991750e-01
7.939969247101543726e-01,-2.079873791569403441e+00
-1.417116295008269411e-01,1.044367331372873631e+00
1.330454622807626830e+00,7.182763881554399266e-01
-2.821062864951883187e-01,1.193209580867731878e+00
-1.822799751954925940e+00,-1.636763059140994070e+00
1.042973478337808846e+00,-6.489871452698461329e-01
-2.917993769285943673e-01,-1.284628930771322786e+00
1.842861475663009507e+00,3.865665420356618753e-01
4.877245066579978250e-01,1.276888827919934410e+00
1.422005172599189349e+00,9.209028868165556325e-01
1.310485979411089907e+00,-8.061805668344945719e-01
-2.282451861601366705e+00,-2.148096003077358596e+00
-6.053723582034100659e-01,-5.742290135811771723e-01
-8.429735764960192279e-01,2.327175007757896763e-01
-2.392823035725465175e+00,-4.886804981808025028e-01
9.453857383770175593e-01,-1.340827448623009399e+00
1.132186792016902865e+00,-6.314296911301222615e-01
1.435358370915417847e+00,-1.854436752280706813e+00
1.181638420184664806e+00,-1.139681396053897622e+00
1.931182242360423462e+00,6.036230864183507183e-01
3.722370584445339192e-01,-1.890532687099568676e-01
9.278127677432859155e-01,-1.507898993677170507e+00
1.570580404064756408e+00,-1.896525726043465365e+00
-3.604011253588119246e+00,-1.074297055247221966e-01
-2.218445274126787048e+00,-1.020200580036570548e+00
1.007514666546692084e+00,-1.095638336947208247e+00
8.439955963380735282e-01,-7.471748606475832055e-01
-8.748343045553647057e-01,-5.325870670018446607e-01
2.155033430493034530e+00,-3.148013356270918717e+00
1.411500720512523843e+00,-1.567685088327078979e+00
-1.469678401228109887e+00,-9.217235172721105485e-03
-1.224757784116340620e+00,-1.225420335572020125e+00
-6.235891610574081367e-01,-1.273630505873972529e+00
3.096702737553379770e+00,7.672989047677728491e-01
1.519300916704491300e+00,1.447781672188870328e+00
-7.953264437016678290e-01,1.907520061612959061e+00
8.260265153790830039e-01,6.205682092481070722e-01
-1.262270935124488069e+00,-1.560028322313921967e+00
-1.006635349893633791e+00,1.444979363347017154e+00
5.308730835499793077e-01,1.848551852609277679e+00
1.181931373790076734e+00,-1.683483371644574067e+00
1.642482712062230066e+00,7.156832213676450616e-01
2.894061087610484417e-01,2.159093825999463867e+00
7.060664316262618145e-01,5.015499640990686014e-01
-6.072667668898090731e-01,8.816402083679500956e-01
-2.298361920549514270e-01,1.210545431411142347e+00
1.815686080278447800e+00,2.408305757849988904e-01
1.248968173765074408e+00,-7.596325896768786334e-01
9.058975297480778011e-01,1.538797914546852885e+00
1.006529103753572629e+00,1.575548178628698448e+00
1.488033852129406753e+00,4.295296521916973642e-01
-1.674699910611724629e+00,-8.148021703918879588e-01
-7.187073536659238648e-01,-1.968560147492087964e+00
1.884704623819432934e+00,6.485772696822353911e-01
-6.262806414567712032e-01,-5.408377683184819595e-01
9.091245563397951646e-01,1.115818944947273739e+00
-7.725649759221571156e-01,8.978822373884634001e-01
-1.402793830654422758e+00,6.671620017404835679e-01
-1.617246553387545749e-01,1.915315010297989229e+00
1.662462032745942730e+00,-1.671614588480650809e+00
4.848748732415194551e-01,8.755088956520430399e-01
1.641169220685321672e+00,-1.353396729432919887e+00
-5.692723132311021672e-01,5.003106896088651556e-01
-1.333605963504610692e+00,7.275682054440077984e-01
9.507301317639036409e-01,-9.521802496521921677e-01
-1.031853160115332457e-01,2.470247428524516842e+00
-1.474388200582998909e-01,-1.377053674987180010e+00
-1.805427027027980191e+00,-1.402664025254952263e+00
-6.988334628208394683e-01,-8.341982264018502624e-01
-1.786730880643685904e+00,1.977046159819182858e+00
-1.519212988864661940e+00,6.612833744647397261e-01
2.263196023193515538e-01,1.843408079905962449e+00
8.613700809116955348e-01,-5.360854805636197096e-01
4.240462347010894861e-01,9.101594830933862346e-01
6.743518615057317867e-01,1.271303594301523177e+00
2.755018767294147297e-01,7.228059234855451765e-01
1.256708760340142117e+00,-1.675059303520817888e+00
-7.389774247192126833e-01,1.552988110415276068e+00
-2.216275225219874745e+00,-1.420703386342129448e+00
1.411717465400300631e+00,-1.923943670408501116e+00
1.259168009965115242e+00,1.235615441002276604e+00
3.103296297973127116e-01,1.620386084083774048e+00
-3.179335562521178105e+00,2.217404260192432641e-01
-1.488551392190904377e+00,8.503736571347816353e-01
1.122289816310499955e-01,2.073177640917293729e+00
3.483759702759062549e+00,-2.956236035996639977e-02
-8.076762548196665392e-01,-1.611624766875012771e+00
-1.188556596135058374e+00,2.416486137040019688e+00
-7.636520680480111123e-01,1.621565667846849301e+00
2.704260313315960840e+00,1.579120422855532224e-01
-5.777816805441537973e-01,1.860855267623343856e+00
-1.218028661272845925e+00,3.953561035698165416e-01
2.733911553366175085e-02,-1.588271095431099678e+00
-2.329349150265874080e+00,-5.576432024857567171e-01
-1.289507964904076598e+00,-1.630939752013393473e+00
1.315515906856872697e+00,-1.530509188587878766e+00
-9.832036446809806485e-01,1.586393730477066999e+00
-5.404843789238220619e-01,1.736535309250388792e+00
7.642497787714110924e-01,2.335095697778119650e+00
3.579397153674159782e+00,-2.212771946686369340e-01
-1.998315705202220682e+00,7.935526951229039394e-01
2.020669899969850469e+00,6.132075777477783429e-01
2.679752472155818577e+00,2.941788114977680335e-01
1.317450941771200812e+00,-1.907067027632600720e+00
9.441815459156011059e-02,-5.573319108909936537e-01
-2.203845677730184027e-01,1.114364499028068556e+00
-5.862618192407613726e-01,-1.110729271939876917e+00
7.676796560674676861e-01,1.163881023098175094e+00
4.210899113241516334e-01,1.369485917292097898e+00
7.764955069952383937e-02,1.085707920367258161e+00
9.490052557597188354e-01,1.618172429940092805e+00
-3.079368561853941255e-01,1.499840039993628915e+00
8.912841389269247072e-01,9.132997544592004191e-01
-2.901120261391313626e+00,4.422954943612467105e-02
1.170105663715216515e+00,-4.559038956297893908e-01
-4.379700113007419793e-01,1.744466960409594147e-01
-1.539741325989443688e+00,1.225338278364719979e+00
2.181703332664413963e+00,-1.637282185854898042e-01
-2.072299490093524987e+00,-2.448837455616648118e-01
1.254532478991742916e+00,-1.513220636998374502e+00
3.080315656986178929e-01,-1.782150626205845079e-01
-7.235931014466967515e-01,1.748426090798312460e+00
4.163573351514164855e-01,-1.206166876840861546e+00
9.531792995716703576e-01,1.263054950200889870e+00
-4.903341286445999092e-01,7.051039395078482208e-01
6.587972870769728262e-01,1.087758935860659637e+00
4.964015015129514818e-01,1.225020333048732590e+00
-5.322608444421770280e-01,1.646857826792380353e+00
1.710845563419006510e+00,-2.490846857392788216e+00
-3.921637364016113958e-01,-1.624035465144361812e+00
-1.206046249099715473e+00,1.872788462969215972e-01
-7.080204442397903808e-01,-1.307912443859700957e+00
9.614358213091618310e-01,-8.026025640164664576e-01
-1.738081625404422903e+00,-9.640881636980889180e-01
6.101562617038887026e-01,-1.769173462005348529e+00
-1.634246020413996803e+00,2.195852472894275209e+00
-2.298174473145439656e+00,-8.942170275952809888e-02
2.216424749672535999e+00,-4.130973501243377921e-01
-8.014936126023904928e-01,1.047702768614004132e+00
1.257430560882778936e+00,1.351541222322184099e+00
-1.815016605840733543e+00,-5.474876043274001791e-01
5.531400089138849285e-01,-3.629850055858218072e-01
-1.468426410627671208e+00,8.379634896460440574e-01
3.406380708685106118e-01,1.067484354875376518e-01
-1.719314262900320855e+00,1.055915257729904688e+00
7.183860121352387829e-01,-1.108304508733263916e+00
-1.925249187790423200e-01,1.399065132227472308e+00
6.672964102021028410e-01,3.751359235171697337e-01
1.089761675320461976e+00,2.312150811005948547e-01
2.312879435582142928e+00,6.226550959656982354e-01
-2.095785529746206244e+00,8.026335213405894065e-01
8.375948059187157124e-01,2.885944506019104683e-01
-2.059832913786343145e+00,5.356958711996839817e-01
5.344296357477300585e-01,-6.687723416235984431e-01
-1.570405494091527299e+00,-2.406608999841916674e+00
9.690407261054232446e-01,-1.553154750435868259e+00
7.725321050248760146e-01,-7.619370874298413421e-01
3.077084849632587549e-01,-1.579080239923751350e+00
-2.287972337404240442e+00,-7.996580039739779044e-01
-7.003357279019872816e-01,1.354087368743782882e+00
-1.312669435257950878e+00,-1.487138844352117406e+00
-1.256823266384751392e+00,-3.206267770346882262e-02
-6.902376698324785842e-01,-1.115550061498421286e+00
2.539422019793247109e-01,-5.146332787915298690e-01
1.217384664708895503e+00,-1.290395615378183258e+00
-1.050364168294990908e+00,1.229551600965494096e+00
-2.494116860787597423e-01,1.261559447498559638e+00
2.652357723699373393e-01,1.001982821283699421e+00
-8.710684437168816352e-01,-2.540303570953303947e-01
1.285678663806655297e+00,-2.500376778247284104e-01
-2.065458645613671429e+00,1.021458448408959496e+00
8.676114716080358669e-01,-1.316097244128612065e+00
1.567069099855021408e+00,-3.829357447256647173e-01
6.847758520546471939e-01,-2.969308658838953896e-02
-1.016479158738528898e+00,1.513497667381222822e+00
-2.766529661494951942e-01,1.206334111063552150e+00
-3.346092099973323464e-01,1.363491842504728879e+00
2.218345255575102648e+00,7.914790465122105712e-01
1.257727320071327037e+00,1.207564853157312212e+00
-4.288824106533710712e-01,-1.020756818914718256e+00
-9.415962269316213717e-01,2.929260742542914020e-01
-1.030846243927894923e+00,1.999870389950187510e+00
-2.782797609275859063e+00,-8.016239077811018188e-01
1.212197775692438473e+00,9.047084215036529375e-01
1.343922591623945229e+00,4.870861261162869882e-01
-1.789379409060627868e+00,5.317100859681356262e-01
1.252649220521418139e+00,-7.355358667561022745e-01
-9.127166389209708797e-01,4.994102308952456104e-01
9.402162276531886853e-01,-8.502793495437561688e-01
-1.077623903927585003e+00,1.267564035720256221e+00
7.064747515685831925e-01,-3.035940224748340244e-01
1.196959699477713635e+00,-9.535611231205005645e-01
6.795687671757572046e-01,9.244368510660578853e-01
-2.382354143773302013e-03,1.985374580247418752e-01
-2.383657496238066997e+00,-3.304091992028282965e-01
1.017669456882128953e+00,1.913125471475564110e-01
-9.967912107837658686e-01,1.394978023580377702e-01
-7.391014985799764236e-01,2.978499636167153408e-01
1.092339513529684059e+00,-1.620880122921588562e+00
-4.739393828751436999e-03,9.576018028219418499e-01
-8.219596534866185911e-01,-1.014901456259041934e+00
-6.883358465271127713e-01,8.083715615194477788e-01
-2.247682327943121283e-01,1.129485610106706117e+00
-1.903437275737117185e+00,2.008097879722146040e-01
-1.335961401393171544e+00,5.295986925073743468e-01
-1.233997793408070365e-01,8.390590870293246351e-01
-1.046536395535343500e+00,7.651781184696875293e-01
-9.112372876555528967e-01,6.415511412523442480e-01
4.247527233636091415e-01,1.606116003773546907e+00
8.041649766872911442e-01,1.125871571174008157e+00
-1.640901742597775215e+00,9.084144965596441246e-02
-2.511014493424768013e+00,-6.328141048009670033e-01
-9.939982921511228975e-01,9.287102716800734736e-01
-5.966019915061762102e-01,-1.082317322957053518e+00
8.357826041000970818e-02,-7.420495919799947604e-01
-1.772773283291181112e+00,-1.725320951971070382e+00
1.516301638603361424e+00,-1.449337666572897865e+00
-1.563499334937061835e-01,1.313899731578048513e+00
-7.459432931482945506e-02,1.294105559280717133e+00
2.232503155233334535e+00,5.905069533996016862e-01
4.903051379585152691e-01,7.259568516480905398e-01
4.640512935013603180e-01,1.496401718273617121e+00
-2.498051923773259464e+00,-4.370569033752639276e-01
-1.215433041529617952e+00,1.196181396274953235e+00
-2.103928366867652500e+00,1.809679950254740488e+00
7.519929185939243643e-01,4.477771781369977999e-01
2.165147759565517305e+00,2.325402432499767968e-02
-9.887902860441447617e-01,9.518705236696028971e-01
-1.199223808436711280e+00,-2.895712117628230775e-01
-9.673626216879424033e-01,7.942311280703862053e-02
-7.904818405616196308e-01,2.148667727847458409e+00
1.135968487411007866e+00,1.059165020925851408e+00
-1.221621432602659763e+00,1.532310146275140283e+00
-1.249445817820234117e+00,5.921140360111711853e-01
1.018238624379433022e+00,-1.570743223054168247e+00
-2.710821164658152593e-01,-6.210493478975043224e-01
1.270245298219919716e+00,-2.024084046007097015e+00
-5.414198429909915511e-01,2.124715934326506517e+00
-5.455896959355570619e-01,1.377923112253008453e+00
-5.458036382954455368e-01,3.376984694055185088e-01
9.664077948951137476e-01,-9.206559742049821304e-01
2.511568282636880145e-01,-5.885259743617534678e-01
4.366901186936145152e-01,1.785457041103168940e-01
1.986941420791972224e-01,2.281080901800459415e+00
7.534932748760471144e-01,-1.571087241970351212e+00
1.750383686044233222e+00,6.566079299448803752e-01
-8.331651566446428570e-01,1.004317208736738243e+00
1.062842038311357262e+00,-1.316252048681181064e+00
9.063089476148578072e-01,-5.885946591123674132e-01
1.084436385065753683e+00,-1.695319299870209129e+00
8.742077875220298777e-01,-1.312172316027375274e+00
-1.733466687878127521e+00,-1.055350429669857704e+00
-2.682830556048985571e+00,8.661855836719157820e-01
7.865414160300896462e-01,-7.456440506341901475e-01
1.645195443916215972e+00,-2.718140743760320888e+00
-1.374700111161054839e+00,1.142160959195617664e+00
8.197293212271985485e-01,2.626128443776743371e+00
-1.660079498400291564e+00,6.692226913143431988e-01
1.020662537875158815e-01,1.786628351528081637e+00
-5.381870003974179584e-01,-5.698397680855538106e-01
2.255480168575255462e+00,-3.462078298299298140e-02
2.277407867345148107e-01,1.313521979669664885e+00
1.789690753298871506e+00,-1.582653143818387953e+00
1.289950199149643595e+00,1.480254182855746281e+00
-1.280252217940657911e+00,2.168873716031986199e+00
-4.275414907447959711e-01,-4.520499257770657087e-01
1.804803683701748263e+00,2.703720910114640885e-01
1.318091874866242463e+00,-1.134870590070782503e+00
1.596983907238287870e+00,1.168203885648367635e+00
2.402947120718490037e+00,-3.863146079999182358e-01
1.276617623272223501e+00,-1.135543681666275395e+00
1.545510015307020257e+00,-1.599219248190720366e+00
-1.647328123009232481e+00,1.036997677832640186e+00
8.576826095087182189e-01,3.191719140321924719e-02
1.021971929732290008e+00,-1.503422550471628094e-01
5.582052437875001383e-01,-8.698330715021906911e-02
1.113978727646285138e+00,-8.111586791495243309e-01
-3.296684118036332656e-01,-1.292028562869623753e+00
1.657266967473256525e+00,-2.196325436723018498e+00
-1.625458247965056113e+00,-7.039027475519250565e-01
1.303406816474947716e+00,-1.039894701997285953e+00
-6.556301458747355593e-01,1.228754390456813006e+00
-3.314203324359860758e+00,-2.152613647375319239e+00
-6.630837822895929712e-01,-1.635325327396100592e+00
2.619096969137701958e+00,4.756970068827949261e-01
1.634572801572083733e+00,-2.079495392949715971e+00
-2.646684235807827967e-03,1.638470207247062493e+00
8.307369706668460418e-01,9.913732124591905226e-01
-9.354839695441763414e-01,2.125832385015936410e+00
2.386008519810324913e+00,1.245027346925364098e+00
6.297883626633959953e-01,1.400086180221051801e+00
8.779195875322501896e-01,-1.815119488072827192e-01
1.087650457072260490e+00,-1.460172317255034935e+00
-4.681487563305044564e-01,-1.587917113644653710e+00
-1.708177855874810191e+00,2.380048369176170908e-01
-1.983917332734225214e-01,5.576558798512170068e-01
-6.179409508879329938e-01,1.386988576601277057e+00
-2.266802719322895676e-01,2.693475607796812721e+00
1.054504306468903030e+00,1.247619889019793593e+00
-3.260158422416665758e-01,1.433512330967889215e+00
-7.554873079062232044e-01,1.702301464597006486e+00
-1.091271468696803248e+00,-9.994247909925497719e-01
1.284818239044829280e+00,-1.271310320801434690e+00
2.301415948376139831e-01,2.529973594482599619e-01
-1.040567960147380511e+00,-1.623949476333617747e+00
-9.065452895219705542e-02,-7.508122750846013549e-02
-7.807044880139837328e-01,-9.337065890094214948e-01
-4.750251789756145815e-01,-1.084787637602560917e+00
2.430373877639992131e+00,-2.674106669270515102e-01
7.769577881066181968e-01,-8.078700015090394260e-01
2.175311755807124658e+00,6.300776421801772553e-01
2.119764929903065642e+00,5.516138578799307801e-01
-6.708119024188967661e-01,9.231336115221679961e-01
-8.893856672673058350e-01,2.905063474421276659e-02
-1.894075314644152463e-01,-7.872870226395618509e-01
1.382151662191750452e+00,2.411078102200012729e-01
1.351761214484747287e+00,-8.696344940262974443e-01
-1.500641207273437416e+00,1.816996592211527206e+00
-1.316997904269767039e+00,-2.132502013352781667e+00
-7.859960941532654344e-01,1.531054265620448440e+00
1.861127969373743696e-01,-5.693353828297913477e-01
-9.708101456653438488e-01,5.103259834131418371e-01
-1.710616253880562487e-01,-2.059726680934381715e+00
1.609092091216242082e+00,5.945912649417767204e-01
1.631641569513353929e+00,-2.134506605856829164e+00
-1.317353380780457162e-01,1.346984273049225189e+00
4.078994255691396065e-01,3.514671434984095733e-02
-2.471758738053689619e+00,8.285725436234849806e-01
-1.657061847567661950e+00,8.840655292559986833e-01
1.705204798119053233e+00,-1.973990590128574585e+00
-1.642585013679161321e+00,-1.038677182595315829e+00
-3.868922075863643339e-01,1.127066898018775909e+00
1.319997228471502471e+00,-1.823493603329319201e+00
-6.394881057627852528e-01,1.761429371317349446e+00
1.057896473585767438e+00,-4.577636755895597709e-01
-1.403127643411905989e+00,-1.483073894624880928e+00
-8.171471390396124468e-01,1.197959765770216789e+00
3.294601842886201171e-01,2.497098108998154764e-01
6.172225380127193128e-01,5.996754458095980844e-01
-2.460519310089392953e-02,-9.829391162517225888e-01
-4.389974305338388838e-01,1.159412519552564191e+00
-6.519465193873261732e-01,-2.746232577249683171e-01
-3.563433777500899957e+00,-6.934052118784159724e-01
-1.769883507088234609e+00,-1.300002341439214781e-01
9.419606365098710521e-01,-1.053405692629686419e+00
9.398437345750020322e-01,-6.147548110558436196e-01
3.438865011164781160e-01,1.710056511162293180e+00
-2.508264028065914086e+00,-2.194423314730966634e-01
-8.028902603953000927e-01,-6.808285361191447338e-01
-7.259088257972212688e-01,-1.499588938921096126e+00
1.776257161087688274e+00,3.753719949074438844e-01
1.390524760450357444e+00,-7.781036339445333017e-01
9.522743946761267342e-01,2.055605713895336528e-02
-5.321041655617990696e-01,4.522266386404131255e-01
-2.298114420304353533e+00,3.220752519701215455e-01
1.421462117233092570e+00,1.329430569641393278e-01
-8.652375829761840276e-01,-9.629768567655533351e-01
-9.069268059912097835e-01,-2.034455102987367425e+00
2.677268379972316925e+00,-2.742255140793246060e-01
-3.910768723246210721e-01,1.908818097604205732e+00
1.567287344779336067e+00,-2.499224133640980838e+00
1.589966714699884820e+00,5.883491312456943234e-01
-2.028113746793001049e+00,9.739922896083375026e-02
-4.291488694581714336e-01,-5.112922667435109148e-01
6.118985106351357839e-01,8.546020263411054918e-01
9.591398366671028963e-01,8.131418980835877219e-01
6.977737056279144090e-01,-1.046277941042276227e-01
1.616970936312915885e+00,6.395852594895642396e-01
2.682482218370024540e+00,-2.849313804356141677e+00
1.232979973554797049e+00,-1.996019266484906352e+00
-1.498765188228373013e+00,9.604854400248968860e-01
-2.373242173894585250e-02,1.514409829936004703e+00
-9.401160775880436082e-01,-1.649337455373805383e+00
-1.868720827712311072e+00,-7.902664592708918967e-01
-1.251194529500632591e+00,-1.986599550587895724e+00
-9.014931720418477568e-01,2.347263058512537359e+00
1.413443361033380974e+00,-1.657849684267970414e+00
9.391675387294511346e-01,-1.259379959273428717e+00
8.999911086021389339e-01,9.367093813425114712e-01
-1.262742346245230074e+00,-1.396184728256812058e+00
9.554636858551363021e-01,-3.856182962496900180e-01
-5.027699745087266248e-01,2.256200440222858816e+00
-1.992020334766387846e+00,1.995901997235169922e-01
-1.345268639296385071e+00,-5.273679791503991243e-01
-1.919697485385547076e+00,-1.577189678174311549e+00
1.418318115550064595e+00,-1.483983822773386363e+00
1.121281494187354566e+00,-1.380737141556287462e-01
8.589078158098171212e-01,9.663766411762075847e-01
-9.633947381639741403e-01,7.831615214171061545e-02
-1.603653373143935967e+00,-1.716025842648222222e+00
-4.752326968679969621e-01,1.012890063991417566e+00
3.314021717524602284e-01,-1.745516771632313890e-01
-3.404168685152402229e-01,1.200046689246285547e+00
8.974338719006873522e-01,-1.507059911670815655e+00
9.636576333439061948e-02,9.530721781632300882e-01
1.059836127945113837e+00,-1.055276749662245717e+00
2.209827101872920530e+00,-2.466225902257102476e+00
2.398290241354781305e+00,1.591549683321386022e-01
-7.968004205888901126e-01,1.361175468689111323e+00
1.666172365210831785e-01,-1.052085728380985241e+00
1.407661293708983852e-01,-1.523562500256748775e-01
-1.703600166974750474e+00,1.096371401557574954e+00
7.197291547810876766e-01,-1.233121142367313849e+00
6.203380212606892652e-01,-5.273183375133405626e-01
7.568313890662703436e-02,-1.256295161103377023e+00
-1.295457646861525536e+00,1.464645962001789314e+00
1.548605781512225388e+00,-9.812347313640594759e-01
-5.874695885870011569e-01,-4.242154227329868466e-01
2.581396903467459758e+00,5.919221216660202067e-01
-2.324314727508903111e+00,-5.193302604081951879e-01
-9.746298115355034319e-02,1.287324543904720509e+00
-9.774100897779625097e-01,4.318254594286985437e-02
-4.274652001921175337e-01,1.176517403487314484e+00
-6.451893438226274924e-01,-9.320526734194628515e-01
-1.752138884559607757e+00,2.456003007202625987e+00
-1.307204683611911555e+00,-1.302857031464321080e+00
3.894557959925847301e-01,8.402351021087202110e-01
-4.512938727523525539e-01,1.536293791046518198e+00
-1.096062109674542873e+00,1.731095036217042971e+00
1.197377138821770215e+00,-5.474324400449774863e-01
-1.861222685222829742e+00,7.806841913861064519e-01
2.321354580525714084e-01,7.075308935371358299e-01
-1.659583912544981388e+00,2.872611631585038072e-01
-1.817124445174102210e+00,-1.604992505562306659e+00
1.409558540436153473e+00,-9.791985473794831973e-01
7.106010096698027745e-01,3.030702179458999446e-02
5.132788692922334306e-01,-3.365311044256500406e-01
2.043886432161137634e+00,5.363010485688102236e-01
1.226936894315000748e+00,-1.111208476860275685e+00
5.362213734198706394e-01,-4.810185649285744214e-01
-1.030954069628099656e+00,-7.693911818469982844e-01
-1.237142140536678703e+00,6.986791173610424899e-01
-1.587806514590752727e+00,1.482606360488916808e+00
-9.194423746154835042e-01,-6.462763988104633928e-01
4.470900699890147934e-01,9.902338726747239583e-01
-3.128741452465421125e-01,1.989385906141257099e+00
6.288547482145045997e-01,-3.702862614841350153e-01
-5.869649337692677271e-01,9.306485421033772187e-01
1.405715829744875300e+00,-1.258438020280733260e+00
2.473825720680322249e+00,-6.168462056444168340e-03
-3.449790742587932613e-02,1.814659943835942091e+00
1.432267305283725589e+00,-1.901480467266020380e+00
1.343509645974984235e+00,-1.519703844929125580e+00
-1.169486896504542850e+00,1.047285161705447054e+00
-2.211477086381232748e-01,1.627527193036804487e+00
1.824625042107037576e+00,1.728038991214991826e-01
-1.655804249295320663e-01,-3.022251045329712449e-01
-2.324654975879742125e+00,-3.413691610138344101e-01
2.074318385699385203e+00,-5.476290528811520453e-01
1.146159933376727391e+00,-9.739911601654280826e-01
-3.353687809465901726e+00,-2.500715283947689827e-01
-2.014484514590551001e+00,-2.967608171059095135e-01
-1.152198400929453026e+00,-1.695794640948367960e+00
2.460615890424759922e-01,3.880304620011454375e-02
-1.252870505623519870e+00,5.046939065129629753e-02
-1.489086595498348098e+00,7.434164067790938191e-02
1.740076122793584590e-01,7.479370063817808445e-01
-2.886918939259293104e-01,-1.763468264328585944e+00
2.189542270646482880e-01,1.077550200492353394e+00
8.832873039663213799e-01,-7.008074972058414565e-01
1.274034235587560904e+00,-1.289226987232496180e+00
-9.157087965045735967e-01,2.689765570974429920e+00
-8.193357434914187998e-01,1.180021186861597071e+00
-1.835086163031996787e+00,2.501439384023190549e+00
-2.172649465133792201e+00,-7.390592266598456916e-01
-5.692833942379780243e-01,9.871684655775400108e-01
7.170024688429776916e-01,-4.823483953969284199e-01
-8.547539435996055479e-01,5.575061937509457888e-01
-1.053988878635249593e+00,-9.870751366175172237e-01
1.000851332928136772e+00,-7.127114995910435180e-01
-2.822775309890186435e+00,-1.940156083135500253e+00
-1.915266496439441246e+00,-6.675070812656248576e-01
1.019121530383767738e+00,3.572753013080638418e-01
1.186981266693025505e+00,-1.478502473584970334e+00
8.531616784243987173e-01,-1.609912327680630417e+00
-2.827395738841360640e-01,-8.407818975335425993e-01
1.765185695559645662e-01,1.414663921903922317e+00
-2.412744618919783868e+00,-2.268902268773944186e+00
-1.904713181676149336e+00,1.139487046585729857e-03
-1.411677524485351221e+00,9.323922257033866456e-01
3.955160572398364049e-01,1.531828371240482767e+00
9.572349104138595521e-01,-3.812926110333767493e-01
-1.371701212874634201e+00,-3.375138482117879812e-01
-2.084370870525348085e+00,2.521234705084309802e-01
-5.239238038483651216e-01,1.786722162926608348e+00
8.708357031651403624e-01,-4.297344497165241917e-01
7.961128062365153690e-01,-1.181792011887420113e+00
-8.510426440292788719e-01,4.035251220464327604e-01
-1.097244699732730533e+00,1.033846988337194572e+00
8.045488456484478634e-01,-1.054140354276033031e-01
-7.151028477501375491e-01,-5.149974848441685182e-01
-6.482019296505607819e-01,5.728934227298281279e-01
9.519926788198557199e-01,8.617669741329155864e-01
3.105834592283283069e-01,1.994161429252427897e-01
1.005790452135375324e+00,-7.946062228246866255e-01
8.009026814991040411e-01,-6.449340246721291248e-01
1.260743344369771979e+00,-1.101825976315688127e+00
-3.192747343345136990e-02,1.409381555894669624e+00
-1.279584604053270791e+00,2.248843141784988564e+00
7.022535112716170591e-01,-1.100565837846204653e+00
8.403153196879136200e-01,-3.918690863890342824e-01
1.131396146131679714e+00,-1.563922162557051188e+00
-3.826617223100323706e-01,1.067871393382342271e+00
1.355708059629309847e+00,7.560350424997415164e-01
1.151215347159605162e+00,-1.302900814465839385e+00
2.107072963145288913e-01,1.358749249679339188e+00
3.028663927192876137e-01,1.954227527631340777e+00
1.323930910592864940e+00,8.835601102509793581e-01
9.580181322474710104e-01,-2.125821138187036219e-01
-1.419891602303959832e+00,-7.889171686342356660e-01
-4.105986339008731445e-01,-1.044848390323201981e+00
-1.315482664084610898e+00,-8.583364905982746595e-01
-2.404589812128810067e+00,-1.262008148710644040e+00
-2.000030536915800905e+00,-3.670970945508754690e-01
-7.834732741977975534e-01,-1.218706669906027829e+00
-6.686851934386561780e-02,9.632914483331171951e-01
1.721263933710950322e+00,-1.961080046111086439e+00
-1.644578232614266611e-01,1.592910964773311733e+00
-6.628283181272521807e-01,-7.480720806028742231e-01
3.553816719759060883e-01,-3.270485169814481008e-01
-1.882539485102441734e+00,-1.265484257406031876e+00
